{
    "contribute": "Start contributing!",
    "server": "Support Server",
    "invite": "Invite me!",
    "join": "Join Server",
    "vote": "Vote!",
    "disableVoteNotifications": "Disable vote notifications",
    "enableVoteNotifications": "Enable vote notifications",
    "cancel": "Cancel",
    "placeBid": "Place a Bid",
    "cardDetails": "Card Details",
    "auctions": "Auctions",
    "offers": "Offers",
    "newAuction": "New Auction",
    "newOffer": "New Offer",
    "back": "Back",
    "start": "Start",
    "refresh": "Refresh",
    "buyUpgrades": "Buy Upgrades",
    "manageWorkers": "Manage Workers",
    "guide": "Guide",
    "editGlobally": "Edit Globally",
    "showInHarem": "Show in Harem",
    "browse": "Browse",
    "date": "Date",
    "addToTrade": "Add to Trade",
    "assignJob": "Assign a Job",
    "confirm": "Confirm",
    "reset": "Reset",
    "showRates": "Show Rates",
    "redeemCode": "Redeem Code",
    "search": "Search",
    "finalize": "Finalize",
    "accept": "Accept",
    "reject": "Reject",
    "counterOffer": "Counteroffer",
    "editColor": "Edit color",
    "editDescription": "Edit description",
    "use": "Use",
    "becomePatron": "Become a Patron!",
    "customize": "Customize",
    "viewHarem": "View Harem",
    "supportServer": "Support Server",
    "help": "Help",
    "getPersonality": "Get Personality",
    "artist": "Artist",
    "pay": "Restore (-{cost})"
}